<!-- 
cmsmasters_package: Children Charity
cmsmasters_version: 1.0.0
-->
<wpml-config>
    <admin-texts>
        <key name="cmsmasters_options_children-charity_header">
            <key name="children-charity_header_top_line_short_info" />
            <key name="children-charity_header_top_line_donations_but_text" />
            <key name="children-charity_header_donations_but_text" />
            <key name="children-charity_header_add_cont_cust_html" />
        </key>
		<key name="cmsmasters_options_children-charity_footer">
            <key name="children-charity_footer_html" />
            <key name="children-charity_footer_copyright" />
        </key>
		<key name="cmsmasters_options_children-charity_single_project">
            <key name="children-charity_portfolio_project_details_title" />
        </key>
		<key name="cmsmasters_options_children-charity_single_profile">
            <key name="children-charity_profile_post_details_title" />
        </key>
    </admin-texts>
</wpml-config>


